id,created_at,updated_at,capacity,price,quantity,weight,order_id,product_id,return_order_id
1,1658898151576,,0.6,1267500,15,19.5,1,27,
2,1658898151704,,0.6,5400000,15,240.0,1,73,
3,1658898151835,,1.4,6800000,20,200.0,1,31,
4,1658898151961,,0.2,3100000,20,76.0,1,22,
5,1658898152086,,3.6,8990000,10,68.0,1,80,
16,1658898181345,,0.6,1267500,15,19.5,4,27,
17,1658898181472,,0.6,5400000,15,240.0,4,73,
18,1658898181600,,1.4,6800000,20,200.0,4,31,
19,1658898181724,,0.2,3100000,20,76.0,4,22,
20,1658898181850,,3.6,8990000,10,68.0,4,80,
21,1658898193584,,0.6,1267500,15,19.5,5,27,
22,1658898193714,,0.6,5400000,15,240.0,5,73,
23,1658898193840,,1.4,6800000,20,200.0,5,31,
24,1658898193966,,0.2,3100000,20,76.0,5,22,
25,1658898194091,,3.6,8990000,10,68.0,5,80,
36,1658898231974,,0.6,1267500,15,19.5,8,27,
37,1658898232120,,0.6,5400000,15,240.0,8,73,
38,1658898232257,,1.4,6800000,20,200.0,8,31,
39,1658898232422,,0.2,3100000,20,76.0,8,22,
40,1658898232633,,3.6,8990000,10,68.0,8,80,
41,1658898250024,,0.6,1267500,15,19.5,9,27,
42,1658898250166,,0.6,5400000,15,240.0,9,73,
43,1658898250291,,1.4,6800000,20,200.0,9,31,
44,1658898250417,,0.2,3100000,20,76.0,9,22,
45,1658898250542,,3.6,8990000,10,68.0,9,80,
56,1658898278507,,0.6,1267500,15,19.5,12,27,
57,1658898278644,,0.6,5400000,15,240.0,12,73,
58,1658898278769,,1.4,6800000,20,200.0,12,31,
59,1658898278895,,0.2,3100000,20,76.0,12,22,
60,1658898279020,,3.6,8990000,10,68.0,12,80,
71,1658898307760,,0.6,1267500,15,19.5,15,27,
72,1658898307886,,0.6,5400000,15,240.0,15,73,
73,1658898308012,,1.4,6800000,20,200.0,15,31,
74,1658898308140,,0.2,3100000,20,76.0,15,22,
75,1658898308268,,3.6,8990000,10,68.0,15,80,
76,1658898322707,,0.6,1267500,15,19.5,16,27,
77,1658898322834,,0.6,5400000,15,240.0,16,73,
78,1658898322959,,1.4,6800000,20,200.0,16,31,
79,1658898323087,,0.2,3100000,20,76.0,16,22,
80,1658898323232,,3.6,8990000,10,68.0,16,80,
201,1658901935249,,0.8,1690000,20,26.0,41,27,
202,1658901935372,,2.0,18000000,50,800.0,41,73,
203,1658901935494,,2.1,10200000,30,300.0,41,31,
204,1658901935634,,0.4,6200000,40,152.0,41,22,
205,1658901935756,,7.2,17980000,20,136.0,41,80,
206,1658901944917,,0.8,1690000,20,26.0,42,27,
207,1658901945040,,2.0,18000000,50,800.0,42,73,
208,1658901945162,,2.1,10200000,30,300.0,42,31,
209,1658901945283,,0.4,6200000,40,152.0,42,22,
210,1658901945410,,7.2,17980000,20,136.0,42,80,
211,1658901955022,,0.8,1690000,20,26.0,43,27,
212,1658901955159,,2.0,18000000,50,800.0,43,73,
213,1658901955281,,2.1,10200000,30,300.0,43,31,
214,1658901955410,,0.4,6200000,40,152.0,43,22,
215,1658901955531,,7.2,17980000,20,136.0,43,80,
216,1658901966290,,0.8,1690000,20,26.0,44,27,
217,1658901966426,,2.0,18000000,50,800.0,44,73,
218,1658901966548,,2.1,10200000,30,300.0,44,31,
219,1658901966670,,0.4,6200000,40,152.0,44,22,
220,1658901966814,,7.2,17980000,20,136.0,44,80,
221,1658901975600,,0.8,1690000,20,26.0,45,27,
222,1658901975723,,2.0,18000000,50,800.0,45,73,
223,1658901975845,,2.1,10200000,30,300.0,45,31,
224,1658901975967,,0.4,6200000,40,152.0,45,22,
225,1658901976097,,7.2,17980000,20,136.0,45,80,
226,1658901985459,,0.8,1690000,20,26.0,46,27,
227,1658901985585,,2.0,18000000,50,800.0,46,73,
228,1658901985709,,2.1,10200000,30,300.0,46,31,
229,1658901985831,,0.4,6200000,40,152.0,46,22,
230,1658901985956,,7.2,17980000,20,136.0,46,80,
236,1658902005500,,0.8,1690000,20,26.0,48,27,
237,1658902005650,,2.0,18000000,50,800.0,48,73,
238,1658902005797,,2.1,10200000,30,300.0,48,31,
239,1658902005918,,0.4,6200000,40,152.0,48,22,
240,1658902006041,,7.2,17980000,20,136.0,48,80,
241,1658902014849,,0.8,1690000,20,26.0,49,27,
242,1658902014981,,2.0,18000000,50,800.0,49,73,
243,1658902015103,,2.1,10200000,30,300.0,49,31,
244,1658902015231,,0.4,6200000,40,152.0,49,22,
245,1658902015354,,7.2,17980000,20,136.0,49,80,
256,1658902042373,,0.8,1690000,20,26.0,52,27,
257,1658902042499,,2.0,18000000,50,800.0,52,73,
258,1658902042646,,2.1,10200000,30,300.0,52,31,
259,1658902042768,,0.4,6200000,40,152.0,52,22,
260,1658902042890,,7.2,17980000,20,136.0,52,80,
261,1658902051380,,0.8,1690000,20,26.0,53,27,
262,1658902051531,,2.0,18000000,50,800.0,53,73,
263,1658902051653,,2.1,10200000,30,300.0,53,31,
264,1658902051775,,0.4,6200000,40,152.0,53,22,
265,1658902051898,,7.2,17980000,20,136.0,53,80,
266,1658902060341,,0.8,1690000,20,26.0,54,27,
267,1658902060475,,2.0,18000000,50,800.0,54,73,
268,1658902060597,,2.1,10200000,30,300.0,54,31,
269,1658902060724,,0.4,6200000,40,152.0,54,22,
270,1658902060846,,7.2,17980000,20,136.0,54,80,
281,1658902087382,,0.8,1690000,20,26.0,57,27,
282,1658902087508,,2.0,18000000,50,800.0,57,73,
283,1658902087630,,2.1,10200000,30,300.0,57,31,
284,1658902087762,,0.4,6200000,40,152.0,57,22,
285,1658902087884,,7.2,17980000,20,136.0,57,80,
286,1658902095124,,0.8,1690000,20,26.0,58,27,
287,1658902095271,,2.0,18000000,50,800.0,58,73,
288,1658902095393,,2.1,10200000,30,300.0,58,31,
289,1658902095516,,0.4,6200000,40,152.0,58,22,
290,1658902095647,,7.2,17980000,20,136.0,58,80,
291,1658902103843,,0.8,1690000,20,26.0,59,27,
292,1658902103965,,2.0,18000000,50,800.0,59,73,
293,1658902104087,,2.1,10200000,30,300.0,59,31,
294,1658902104210,,0.4,6200000,40,152.0,59,22,
295,1658902104345,,7.2,17980000,20,136.0,59,80,
301,1659334938096,,4.0,8450000,100,130.0,61,27,
302,1659334938180,,0.48,4320000,12,192.0,61,73,
303,1659334938257,,0.21,3255000,21,79.8,61,22,
304,1659334938353,,0.88,7920000,22,352.0,61,73,
309,1659334948481,,4.0,8450000,100,130.0,63,27,
310,1659334948558,,0.48,4320000,12,192.0,63,73,
311,1659334948653,,0.21,3255000,21,79.8,63,22,
312,1659334948755,,0.88,7920000,22,352.0,63,73,
317,1659334982972,,4.0,8450000,100,130.0,65,27,
318,1659334983049,,0.48,4320000,12,192.0,65,73,
319,1659334983125,,0.21,3255000,21,79.8,65,22,
320,1659334983221,,0.88,7920000,22,352.0,65,73,
321,1659334991963,,4.0,8450000,100,130.0,66,27,
322,1659334992040,,0.48,4320000,12,192.0,66,73,
323,1659334992115,,0.21,3255000,21,79.8,66,22,
324,1659334992207,,0.88,7920000,22,352.0,66,73,
325,1659335000084,,4.0,8450000,100,130.0,67,27,
326,1659335000180,,0.48,4320000,12,192.0,67,73,
327,1659335000255,,0.21,3255000,21,79.8,67,22,
328,1659335000332,,0.88,7920000,22,352.0,67,73,
329,1659335008092,,4.0,8450000,100,130.0,68,27,
330,1659335008169,,0.48,4320000,12,192.0,68,73,
331,1659335008265,,0.21,3255000,21,79.8,68,22,
332,1659335008341,,0.88,7920000,22,352.0,68,73,
337,1659335042611,,4.0,8450000,100,130.0,70,27,
338,1659335042693,,0.48,4320000,12,192.0,70,73,
339,1659335042769,,0.21,3255000,21,79.8,70,22,
340,1659335042846,,0.88,7920000,22,352.0,70,73,
344,1659780084110,,1.6,14400000,40,640.0,72,73,
345,1659780084188,,2.0,4225000,50,65.0,72,27,
346,1659780084264,,2.1,10200000,30,300.0,72,31,
347,1659780097040,,1.6,14400000,40,640.0,73,73,
348,1659780097118,,2.0,4225000,50,65.0,73,27,
349,1659780097195,,2.1,10200000,30,300.0,73,31,
350,1659780107595,,1.6,14400000,40,640.0,74,73,
351,1659780107692,,2.0,4225000,50,65.0,74,27,
352,1659780107795,,2.1,10200000,30,300.0,74,31,
353,1659780116069,,1.6,14400000,40,640.0,75,73,
354,1659780116153,,2.0,4225000,50,65.0,75,27,
355,1659780116229,,2.1,10200000,30,300.0,75,31,
359,1659780131622,,1.6,14400000,40,640.0,77,73,
360,1659780131697,,2.0,4225000,50,65.0,77,27,
361,1659780131773,,2.1,10200000,30,300.0,77,31,
362,1659780140405,,1.6,14400000,40,640.0,78,73,
363,1659780140483,,2.0,4225000,50,65.0,78,27,
364,1659780140560,,2.1,10200000,30,300.0,78,31,
365,1659780150290,,1.6,14400000,40,640.0,79,73,
366,1659780150368,,2.0,4225000,50,65.0,79,27,
367,1659780150443,,2.1,10200000,30,300.0,79,31,
383,1659780204163,,1.6,14400000,40,640.0,85,73,
384,1659780204249,,2.0,4225000,50,65.0,85,27,
385,1659780204325,,2.1,10200000,30,300.0,85,31,
386,1659780211267,,1.6,14400000,40,640.0,86,73,
387,1659780211344,,2.0,4225000,50,65.0,86,27,
388,1659780211421,,2.1,10200000,30,300.0,86,31,
389,1659780219166,,1.6,14400000,40,640.0,87,73,
390,1659780219247,,2.0,4225000,50,65.0,87,27,
391,1659780219324,,2.1,10200000,30,300.0,87,31,
392,1659780226767,,1.6,14400000,40,640.0,88,73,
393,1659780226854,,2.0,4225000,50,65.0,88,27,
394,1659780226931,,2.1,10200000,30,300.0,88,31,
395,1659780237088,,1.6,14400000,40,640.0,89,73,
396,1659780237170,,2.0,4225000,50,65.0,89,27,
397,1659780237246,,2.1,10200000,30,300.0,89,31,
398,1659780243690,,1.6,14400000,40,640.0,90,73,
399,1659780243766,,2.0,4225000,50,65.0,90,27,
400,1659780243843,,2.1,10200000,30,300.0,90,31,
401,1659780251103,,1.6,14400000,40,640.0,91,73,
402,1659780251180,,2.0,4225000,50,65.0,91,27,
403,1659780251256,,2.1,10200000,30,300.0,91,31,
404,1659780262923,,1.6,14400000,40,640.0,92,73,
405,1659780263000,,2.0,4225000,50,65.0,92,27,
406,1659780263077,,2.1,10200000,30,300.0,92,31,
407,1659780271190,,1.6,14400000,40,640.0,93,73,
408,1659780271269,,2.0,4225000,50,65.0,93,27,
409,1659780271345,,2.1,10200000,30,300.0,93,31,
422,1659780307638,,1.6,14400000,40,640.0,98,73,
423,1659780307718,,2.0,4225000,50,65.0,98,27,
424,1659780307794,,2.1,10200000,30,300.0,98,31,
425,1659780315141,,1.6,14400000,40,640.0,99,73,
426,1659780315220,,2.0,4225000,50,65.0,99,27,
427,1659780315297,,2.1,10200000,30,300.0,99,31,
428,1659780340317,,1.6,14400000,40,640.0,100,73,
429,1659780340395,,2.0,4225000,50,65.0,100,27,
430,1659780340481,,2.1,10200000,30,300.0,100,31,
431,1659780348264,,1.6,14400000,40,640.0,101,73,
432,1659780348349,,2.0,4225000,50,65.0,101,27,
433,1659780348426,,2.1,10200000,30,300.0,101,31,
443,1659780377821,,1.6,14400000,40,640.0,105,73,
444,1659780377902,,2.0,4225000,50,65.0,105,27,
445,1659780377979,,2.1,10200000,30,300.0,105,31,
446,1659780385971,,1.6,14400000,40,640.0,106,73,
447,1659780386051,,2.0,4225000,50,65.0,106,27,
448,1659780386147,,2.1,10200000,30,300.0,106,31,
449,1659780448764,,1.6,14400000,40,640.0,107,73,
450,1659780448856,,2.0,4225000,50,65.0,107,27,
451,1659780448954,,2.1,10200000,30,300.0,107,31,
458,1659780470945,,1.6,14400000,40,640.0,110,73,
459,1659780471027,,2.0,4225000,50,65.0,110,27,
460,1659780471103,,2.1,10200000,30,300.0,110,31,
464,1659780486327,,1.6,14400000,40,640.0,112,73,
465,1659780486419,,2.0,4225000,50,65.0,112,27,
466,1659780486495,,2.1,10200000,30,300.0,112,31,
473,1659780507025,,1.6,14400000,40,640.0,115,73,
474,1659780507103,,2.0,4225000,50,65.0,115,27,
475,1659780507179,,2.1,10200000,30,300.0,115,31,
479,1659780526264,,1.6,14400000,40,640.0,117,73,
480,1659780526340,,2.0,4225000,50,65.0,117,27,
481,1659780526420,,2.1,10200000,30,300.0,117,31,
485,1659780541064,,1.6,14400000,40,640.0,119,73,
486,1659780541141,,2.0,4225000,50,65.0,119,27,
487,1659780541217,,2.1,10200000,30,300.0,119,31,
488,1659780549877,,1.6,14400000,40,640.0,120,73,
489,1659780549954,,2.0,4225000,50,65.0,120,27,
490,1659780550052,,2.1,10200000,30,300.0,120,31,
491,1659780557042,,1.6,14400000,40,640.0,121,73,
492,1659780557119,,2.0,4225000,50,65.0,121,27,
493,1659780557196,,2.1,10200000,30,300.0,121,31,
500,1659780582474,,1.6,14400000,40,640.0,124,73,
501,1659780582550,,2.0,4225000,50,65.0,124,27,
502,1659780582627,,2.1,10200000,30,300.0,124,31,
506,1659780598262,,1.6,14400000,40,640.0,126,73,
507,1659780598339,,2.0,4225000,50,65.0,126,27,
508,1659780598417,,2.1,10200000,30,300.0,126,31,
518,1659780630162,,1.6,14400000,40,640.0,130,73,
519,1659780630239,,2.0,4225000,50,65.0,130,27,
520,1659780630321,,2.1,10200000,30,300.0,130,31,
521,1659780655219,,1.6,14400000,40,640.0,131,73,
522,1659780655296,,2.0,4225000,50,65.0,131,27,
523,1659780655373,,2.1,10200000,30,300.0,131,31,
524,1659780655471,,7.2,17980000,20,136.0,131,80,
529,1659780671638,,1.6,14400000,40,640.0,133,73,
530,1659780671728,,2.0,4225000,50,65.0,133,27,
531,1659780671823,,2.1,10200000,30,300.0,133,31,
532,1659780671900,,7.2,17980000,20,136.0,133,80,
533,1659780678709,,1.6,14400000,40,640.0,134,73,
534,1659780678799,,2.0,4225000,50,65.0,134,27,
535,1659780678876,,2.1,10200000,30,300.0,134,31,
536,1659780678953,,7.2,17980000,20,136.0,134,80,
537,1659780686498,,1.6,14400000,40,640.0,135,73,
538,1659780686576,,2.0,4225000,50,65.0,135,27,
539,1659780686674,,2.1,10200000,30,300.0,135,31,
540,1659780686754,,7.2,17980000,20,136.0,135,80,
545,1659780701530,,1.6,14400000,40,640.0,137,73,
546,1659780701620,,2.0,4225000,50,65.0,137,27,
547,1659780701716,,2.1,10200000,30,300.0,137,31,
548,1659780701794,,7.2,17980000,20,136.0,137,80,
549,1659780708730,,1.6,14400000,40,640.0,138,73,
550,1659780708807,,2.0,4225000,50,65.0,138,27,
551,1659780708899,,2.1,10200000,30,300.0,138,31,
552,1659780708983,,7.2,17980000,20,136.0,138,80,
557,1659780726561,,1.6,14400000,40,640.0,140,73,
558,1659780726638,,2.0,4225000,50,65.0,140,27,
559,1659780726716,,2.1,10200000,30,300.0,140,31,
560,1659780726793,,7.2,17980000,20,136.0,140,80,
561,1659784872648,,0.48,1014000,12,15.6,141,27,
562,1659846217384,,0.4,845000,10,13.0,142,27,
563,1659846217463,,0.21,1020000,3,24.0,142,31,
564,1659846217547,,0.32,2880000,8,48.0,142,73,
565,1659846540477,,0.28,591500,7,9.1,143,27,
566,1659846540633,,0.4,3600000,10,60.0,143,73,
567,1659846540713,,0.21,1020000,3,24.0,143,31,
568,1659846551101,,0.28,591500,7,9.1,144,27,
569,1659846551179,,0.4,3600000,10,60.0,144,73,
570,1659846551279,,0.21,1020000,3,24.0,144,31,
571,1659846559974,,0.28,591500,7,9.1,145,27,
572,1659846560064,,0.4,3600000,10,60.0,145,73,
573,1659846560161,,0.21,1020000,3,24.0,145,31,
574,1659846569250,,0.28,591500,7,9.1,146,27,
575,1659846569329,,0.4,3600000,10,60.0,146,73,
576,1659846569406,,0.21,1020000,3,24.0,146,31,
580,1659846587703,,0.28,591500,7,9.1,148,27,
581,1659846587780,,0.4,3600000,10,60.0,148,73,
582,1659846587856,,0.21,1020000,3,24.0,148,31,
586,1659846611431,,0.28,591500,7,9.1,150,27,
587,1659846611508,,0.4,3600000,10,60.0,150,73,
588,1659846611589,,0.21,1020000,3,24.0,150,31,
595,1659846639628,,0.28,591500,7,9.1,153,27,
596,1659846639707,,0.4,3600000,10,60.0,153,73,
597,1659846639786,,0.21,1020000,3,24.0,153,31,
598,1659846649471,,0.28,591500,7,9.1,154,27,
599,1659846649553,,0.4,3600000,10,60.0,154,73,
600,1659846649629,,0.21,1020000,3,24.0,154,31,
613,1659846708589,,0.28,591500,7,9.1,159,27,
614,1659846708665,,0.4,3600000,10,60.0,159,73,
615,1659846708741,,0.21,1020000,3,24.0,159,31,
616,1659846717451,,0.28,591500,7,9.1,160,27,
617,1659846717534,,0.4,3600000,10,60.0,160,73,
618,1659846717618,,0.21,1020000,3,24.0,160,31,
619,1659846726159,,0.28,591500,7,9.1,161,27,
620,1659846726236,,0.4,3600000,10,60.0,161,73,
621,1659846726316,,0.21,1020000,3,24.0,161,31,
622,1659846734774,,0.28,591500,7,9.1,162,27,
623,1659846734854,,0.4,3600000,10,60.0,162,73,
624,1659846734930,,0.21,1020000,3,24.0,162,31,
625,1659846742431,,0.28,591500,7,9.1,163,27,
626,1659846742524,,0.4,3600000,10,60.0,163,73,
627,1659846742603,,0.21,1020000,3,24.0,163,31,
628,1659846750415,,0.28,591500,7,9.1,164,27,
629,1659846750494,,0.4,3600000,10,60.0,164,73,
630,1659846750582,,0.21,1020000,3,24.0,164,31,
631,1659846761415,,0.28,591500,7,9.1,165,27,
632,1659846761493,,0.4,3600000,10,60.0,165,73,
633,1659846761585,,0.21,1020000,3,24.0,165,31,
634,1659846769691,,0.28,591500,7,9.1,166,27,
635,1659846769769,,0.4,3600000,10,60.0,166,73,
636,1659846769845,,0.21,1020000,3,24.0,166,31,
637,1659846778502,,0.28,591500,7,9.1,167,27,
638,1659846778579,,0.4,3600000,10,60.0,167,73,
639,1659846778657,,0.21,1020000,3,24.0,167,31,
643,1659846796187,,0.28,591500,7,9.1,169,27,
644,1659846796264,,0.4,3600000,10,60.0,169,73,
645,1659846796340,,0.21,1020000,3,24.0,169,31,
658,1659846875800,,0.4,845000,10,13.0,174,27,
659,1659846875877,,0.08,720000,2,12.0,174,73,
660,1659846875953,,0.7,3400000,10,80.0,174,31,
664,1659846892937,,0.4,845000,10,13.0,176,27,
665,1659846893017,,0.08,720000,2,12.0,176,73,
666,1659846893093,,0.7,3400000,10,80.0,176,31,
667,1659846902916,,0.4,845000,10,13.0,177,27,
668,1659846902996,,0.08,720000,2,12.0,177,73,
669,1659846903088,,0.7,3400000,10,80.0,177,31,
670,1659846911584,,0.4,845000,10,13.0,178,27,
671,1659846911674,,0.08,720000,2,12.0,178,73,
672,1659846911751,,0.7,3400000,10,80.0,178,31,
673,1659846920721,,0.4,845000,10,13.0,179,27,
674,1659846920799,,0.08,720000,2,12.0,179,73,
675,1659846920876,,0.7,3400000,10,80.0,179,31,
682,1659846944755,,0.4,845000,10,13.0,182,27,
683,1659846944834,,0.08,720000,2,12.0,182,73,
684,1659846944911,,0.7,3400000,10,80.0,182,31,
685,1659846966220,,0.4,845000,10,13.0,183,27,
686,1659846966298,,0.08,720000,2,12.0,183,73,
687,1659846966375,,0.7,3400000,10,80.0,183,31,
688,1659847129899,,0.4,845000,10,13.0,184,27,
689,1659847130001,,0.08,720000,2,12.0,184,73,
690,1659847130077,,0.7,3400000,10,80.0,184,31,
691,1659847144415,,0.4,845000,10,13.0,185,27,
692,1659847144498,,0.08,720000,2,12.0,185,73,
693,1659847144575,,0.7,3400000,10,80.0,185,31,
694,1659847152897,,0.4,845000,10,13.0,186,27,
695,1659847152974,,0.08,720000,2,12.0,186,73,
696,1659847153050,,0.7,3400000,10,80.0,186,31,
709,1659847217617,,0.4,845000,10,13.0,191,27,
710,1659847217694,,0.08,720000,2,12.0,191,73,
711,1659847217775,,0.7,3400000,10,80.0,191,31,
712,1659847228900,,0.4,845000,10,13.0,192,27,
713,1659847228983,,0.08,720000,2,12.0,192,73,
714,1659847229085,,0.7,3400000,10,80.0,192,31,
718,1659847253686,,0.4,845000,10,13.0,194,27,
719,1659847253764,,0.08,720000,2,12.0,194,73,
720,1659847253840,,0.7,3400000,10,80.0,194,31,
727,1659847300976,,0.4,845000,10,13.0,197,27,
728,1659847301056,,0.08,720000,2,12.0,197,73,
729,1659847301133,,0.7,3400000,10,80.0,197,31,
733,1659847319636,,0.4,845000,10,13.0,199,27,
734,1659847319726,,0.08,720000,2,12.0,199,73,
735,1659847319803,,0.7,3400000,10,80.0,199,31,
736,1659847330485,,0.4,845000,10,13.0,200,27,
737,1659847330570,,0.08,720000,2,12.0,200,73,
738,1659847330673,,0.7,3400000,10,80.0,200,31,
742,1659847346848,,0.4,845000,10,13.0,202,27,
743,1659847346933,,0.08,720000,2,12.0,202,73,
744,1659847347026,,0.7,3400000,10,80.0,202,31,
745,1659847355511,,0.4,845000,10,13.0,203,27,
746,1659847355590,,0.08,720000,2,12.0,203,73,
747,1659847355666,,0.7,3400000,10,80.0,203,31,
748,1659847362882,,0.4,845000,10,13.0,204,27,
749,1659847362982,,0.08,720000,2,12.0,204,73,
750,1659847363058,,0.7,3400000,10,80.0,204,31,
751,1659847372975,,0.4,845000,10,13.0,205,27,
752,1659847373053,,0.08,720000,2,12.0,205,73,
753,1659847373130,,0.7,3400000,10,80.0,205,31,
757,1659847436291,,0.4,845000,10,13.0,207,27,
758,1659847436369,,0.08,720000,2,12.0,207,73,
759,1659847436445,,0.7,3400000,10,80.0,207,31,
763,1659847453670,,0.4,845000,10,13.0,209,27,
764,1659847453761,,0.08,720000,2,12.0,209,73,
765,1659847453839,,0.7,3400000,10,80.0,209,31,
820,1660002761958,,0.4,3600000,10,60.0,1,73,
821,1660002762095,,0.8,1690000,20,26.0,1,27,
822,1660002762241,,0.7,3400000,10,80.0,1,31,
823,1660002762358,,0.1,1550000,10,38.0,1,22,
832,1660008458262,,0.8,7200000,20,120.0,4,73,
833,1660008458342,,0.8,1690000,20,26.0,4,27,
834,1660008458420,,1.4,6800000,20,160.0,4,31,
835,1660008458512,,0.1,1550000,10,38.0,4,22,
836,1660008466777,,0.8,7200000,20,120.0,5,73,
837,1660008466858,,0.8,1690000,20,26.0,5,27,
838,1660008466936,,1.4,6800000,20,160.0,5,31,
839,1660008467036,,0.1,1550000,10,38.0,5,22,
848,1660008492688,,0.8,7200000,20,120.0,8,73,
849,1660008492787,,0.8,1690000,20,26.0,8,27,
850,1660008492867,,1.4,6800000,20,160.0,8,31,
851,1660008492961,,0.1,1550000,10,38.0,8,22,
852,1660008501003,,0.8,7200000,20,120.0,9,73,
853,1660008501083,,0.8,1690000,20,26.0,9,27,
854,1660008501161,,1.4,6800000,20,160.0,9,31,
855,1660008501253,,0.1,1550000,10,38.0,9,22,
864,1660009196187,,0.8,7200000,20,120.0,12,73,
865,1660009196270,,0.8,1690000,20,26.0,12,27,
866,1660009196346,,1.4,6800000,20,160.0,12,31,
867,1660009196447,,0.1,1550000,10,38.0,12,22,
876,1660009222534,,0.8,7200000,20,120.0,15,73,
877,1660009222631,,0.8,1690000,20,26.0,15,27,
878,1660009222708,,1.4,6800000,20,160.0,15,31,
879,1660009222793,,0.1,1550000,10,38.0,15,22,
880,1660009231270,,0.8,7200000,20,120.0,16,73,
881,1660009231366,,0.8,1690000,20,26.0,16,27,
882,1660009231454,,1.4,6800000,20,160.0,16,31,
883,1660009231574,,0.1,1550000,10,38.0,16,22,
932,1660009806319,,0.7,3400000,10,80.0,41,31,
933,1660009806399,,0.8,7200000,20,120.0,41,73,
934,1660009877513,,0.7,3400000,10,80.0,42,31,
935,1660009877593,,0.8,7200000,20,120.0,42,73,
936,1660009885373,,0.7,3400000,10,80.0,43,31,
937,1660009885450,,0.8,7200000,20,120.0,43,73,
938,1660009893351,,0.7,3400000,10,80.0,44,31,
939,1660009893432,,0.8,7200000,20,120.0,44,73,
940,1660009900771,,0.7,3400000,10,80.0,45,31,
941,1660009900853,,0.8,7200000,20,120.0,45,73,
942,1660009944453,,0.7,3400000,10,80.0,46,31,
943,1660009944533,,0.8,7200000,20,120.0,46,73,
946,1660009981522,,0.7,3400000,10,80.0,48,31,
947,1660009981609,,0.8,7200000,20,120.0,48,73,
948,1660009992679,,0.7,3400000,10,80.0,49,31,
949,1660009992757,,0.8,7200000,20,120.0,49,73,
954,1660010015838,,0.7,3400000,10,80.0,52,31,
955,1660010015916,,0.8,7200000,20,120.0,52,73,
956,1660010022954,,0.7,3400000,10,80.0,53,31,
957,1660010023038,,0.8,7200000,20,120.0,53,73,
958,1660010029479,,0.7,3400000,10,80.0,54,31,
959,1660010029559,,0.8,7200000,20,120.0,54,73,
964,1660010052593,,0.7,3400000,10,80.0,57,31,
965,1660010052671,,0.8,7200000,20,120.0,57,73,
966,1660010060097,,0.7,3400000,10,80.0,58,31,
967,1660010060174,,0.8,7200000,20,120.0,58,73,
968,1660010066604,,0.7,3400000,10,80.0,59,31,
969,1660010066686,,0.8,7200000,20,120.0,59,73,
972,1660010084146,,0.7,3400000,10,80.0,61,31,
973,1660010084230,,0.8,7200000,20,120.0,61,73,
976,1660010099011,,0.7,3400000,10,80.0,63,31,
977,1660010099089,,0.8,7200000,20,120.0,63,73,
980,1660010117296,,0.7,3400000,10,80.0,65,31,
981,1660010117385,,0.8,7200000,20,120.0,65,73,
982,1660010125577,,0.7,3400000,10,80.0,66,31,
983,1660010125655,,0.8,7200000,20,120.0,66,73,
984,1660010133666,,0.7,3400000,10,80.0,67,31,
985,1660010133743,,0.8,7200000,20,120.0,67,73,
986,1660010141422,,0.7,3400000,10,80.0,68,31,
987,1660010141502,,0.8,7200000,20,120.0,68,73,
990,1660010162123,,0.7,3400000,10,80.0,70,31,
991,1660010162201,,0.8,7200000,20,120.0,70,73,
994,1660010178464,,0.7,3400000,10,80.0,72,31,
995,1660010178545,,0.8,7200000,20,120.0,72,73,
996,1660010243015,,0.8,7200000,20,120.0,73,73,
997,1660010243097,,0.2,3100000,20,76.0,73,22,
998,1660010243179,,0.4,845000,10,13.0,73,27,
999,1660010254335,,0.8,7200000,20,120.0,74,73,
1000,1660010254414,,0.2,3100000,20,76.0,74,22,
1001,1660010254491,,0.4,845000,10,13.0,74,27,
1002,1660010289074,,0.8,7200000,20,120.0,75,73,
1003,1660010289160,,0.2,3100000,20,76.0,75,22,
1004,1660010289241,,0.4,845000,10,13.0,75,27,
1008,1660010306666,,0.8,7200000,20,120.0,77,73,
1009,1660010306745,,0.2,3100000,20,76.0,77,22,
1010,1660010306826,,0.4,845000,10,13.0,77,27,
1011,1660010315366,,0.8,7200000,20,120.0,78,73,
1012,1660010315449,,0.2,3100000,20,76.0,78,22,
1013,1660010315529,,0.4,845000,10,13.0,78,27,
1014,1660010323611,,0.8,7200000,20,120.0,79,73,
1015,1660010323690,,0.2,3100000,20,76.0,79,22,
1016,1660010323768,,0.4,845000,10,13.0,79,27,
1032,1660010394700,,1.6,14400000,40,240.0,85,73,
1033,1660010394781,,0.2,3100000,20,76.0,85,22,
1034,1660010394859,,0.4,845000,10,13.0,85,27,
1035,1660010402419,,1.6,14400000,40,240.0,86,73,
1036,1660010402499,,0.2,3100000,20,76.0,86,22,
1037,1660010402577,,0.4,845000,10,13.0,86,27,
1038,1660010410559,,1.6,14400000,40,240.0,87,73,
1039,1660010410639,,0.2,3100000,20,76.0,87,22,
1040,1660010410719,,0.4,845000,10,13.0,87,27,
1041,1660010419386,,1.6,14400000,40,240.0,88,73,
1042,1660010419478,,0.2,3100000,20,76.0,88,22,
1043,1660010419560,,0.4,845000,10,13.0,88,27,
1044,1660010445842,,1.6,14400000,40,240.0,89,73,
1045,1660010445924,,0.2,3100000,20,76.0,89,22,
1046,1660010446001,,0.4,845000,10,13.0,89,27,
1047,1660010455160,,1.6,14400000,40,240.0,90,73,
1048,1660010455245,,0.2,3100000,20,76.0,90,22,
1049,1660010455341,,0.4,845000,10,13.0,90,27,
1050,1660010463449,,1.6,14400000,40,240.0,91,73,
1051,1660010463526,,0.2,3100000,20,76.0,91,22,
1052,1660010463618,,0.4,845000,10,13.0,91,27,
1053,1660010470624,,1.6,14400000,40,240.0,92,73,
1054,1660010470718,,0.2,3100000,20,76.0,92,22,
1055,1660010470797,,0.4,845000,10,13.0,92,27,
1056,1660010478794,,1.6,14400000,40,240.0,93,73,
1057,1660010478871,,0.2,3100000,20,76.0,93,22,
1058,1660010478967,,0.4,845000,10,13.0,93,27,
1071,1660010539146,,1.6,14400000,40,240.0,98,73,
1072,1660010539247,,0.2,3100000,20,76.0,98,22,
1073,1660010539325,,0.4,845000,10,13.0,98,27,
1074,1660010546766,,1.6,14400000,40,240.0,99,73,
1075,1660010546877,,0.2,3100000,20,76.0,99,22,
1076,1660010546957,,0.4,845000,10,13.0,99,27,
1077,1660010555297,,1.6,14400000,40,240.0,100,73,
1078,1660010555378,,0.2,3100000,20,76.0,100,22,
1079,1660010555456,,0.4,845000,10,13.0,100,27,
1080,1660010564982,,1.6,14400000,40,240.0,101,73,
1081,1660010565061,,0.2,3100000,20,76.0,101,22,
1082,1660010565157,,0.4,845000,10,13.0,101,27,
1092,1660010680695,,1.6,14400000,40,240.0,105,73,
1093,1660010680775,,0.2,3100000,20,76.0,105,22,
1094,1660010680852,,0.4,845000,10,13.0,105,27,
1095,1660122565960,,0.4,845000,10,13.0,106,27,
1096,1660122566084,,0.8,7200000,20,120.0,106,73,
1097,1660122566189,,1.4,6800000,20,160.0,106,31,
1098,1660122608863,,0.4,845000,10,13.0,107,27,
1099,1660122608965,,0.8,7200000,20,120.0,107,73,
1100,1660122609063,,1.4,6800000,20,160.0,107,31,
1107,1660122633420,,0.4,845000,10,13.0,110,27,
1108,1660122633502,,0.8,7200000,20,120.0,110,73,
1109,1660122633580,,1.4,6800000,20,160.0,110,31,
1113,1660122650582,,0.4,845000,10,13.0,112,27,
1114,1660122650670,,0.8,7200000,20,120.0,112,73,
1115,1660122650750,,1.4,6800000,20,160.0,112,31,
1122,1660122675755,,0.4,845000,10,13.0,115,27,
1123,1660122675840,,0.8,7200000,20,120.0,115,73,
1124,1660122675919,,1.4,6800000,20,160.0,115,31,
1128,1660122690247,,0.4,845000,10,13.0,117,27,
1129,1660122690327,,0.8,7200000,20,120.0,117,73,
1130,1660122690405,,1.4,6800000,20,160.0,117,31,
1134,1660122704546,,0.4,845000,10,13.0,119,27,
1135,1660122704626,,0.8,7200000,20,120.0,119,73,
1136,1660122704703,,1.4,6800000,20,160.0,119,31,
1137,1660122712992,,0.4,845000,10,13.0,120,27,
1138,1660122713084,,0.8,7200000,20,120.0,120,73,
1139,1660122713161,,1.4,6800000,20,160.0,120,31,
1140,1660122719700,,0.4,845000,10,13.0,121,27,
1141,1660122719779,,0.8,7200000,20,120.0,121,73,
1142,1660122719867,,1.4,6800000,20,160.0,121,31,
1149,1660122741076,,0.4,845000,10,13.0,124,27,
1150,1660122741185,,0.8,7200000,20,120.0,124,73,
1151,1660122741272,,1.4,6800000,20,160.0,124,31,
1155,1660122758467,,0.4,845000,10,13.0,126,27,
1156,1660122758546,,0.8,7200000,20,120.0,126,73,
1157,1660122758645,,1.4,6800000,20,160.0,126,31,
1164,1660122837373,,0.6,5400000,15,90.0,130,73,
1165,1660122837452,,1.4,6800000,20,160.0,130,31,
1166,1660122844702,,0.6,5400000,15,90.0,131,73,
1167,1660122844790,,1.4,6800000,20,160.0,131,31,
1170,1660122860347,,0.6,5400000,15,90.0,133,73,
1171,1660122860427,,1.4,6800000,20,160.0,133,31,
1172,1660122867082,,0.6,5400000,15,90.0,134,73,
1173,1660122867161,,1.4,6800000,20,160.0,134,31,
1174,1660122873817,,0.6,5400000,15,90.0,135,73,
1175,1660122873895,,1.4,6800000,20,160.0,135,31,
1178,1660122888182,,0.6,5400000,15,90.0,137,73,
1179,1660122888260,,1.4,6800000,20,160.0,137,31,
1180,1660122895688,,0.6,5400000,15,90.0,138,73,
1181,1660122895785,,1.4,6800000,20,160.0,138,31,
1184,1660122908110,,0.6,5400000,15,90.0,140,73,
1185,1660122908203,,1.4,6800000,20,160.0,140,31,
1186,1660122916473,,0.6,5400000,15,90.0,141,73,
1187,1660122916554,,1.4,6800000,20,160.0,141,31,
1188,1660122923534,,0.6,5400000,15,90.0,142,73,
1189,1660122923613,,1.4,6800000,20,160.0,142,31,
1190,1660122956240,,0.6,5400000,15,90.0,143,73,
1191,1660122956326,,1.4,6800000,20,160.0,143,31,
1192,1660122956409,,0.15,2325000,15,57.0,143,22,
1193,1660122981860,,0.6,5400000,15,90.0,144,73,
1194,1660122981952,,1.75,8500000,25,200.0,144,31,
1195,1660122982029,,0.15,2325000,15,57.0,144,22,
1196,1660122988679,,0.6,5400000,15,90.0,145,73,
1197,1660122988760,,1.75,8500000,25,200.0,145,31,
1198,1660122988838,,0.15,2325000,15,57.0,145,22,
1199,1660122995197,,0.6,5400000,15,90.0,146,73,
1200,1660122995286,,1.75,8500000,25,200.0,146,31,
1201,1660122995365,,0.15,2325000,15,57.0,146,22,
1205,1660123008675,,0.6,5400000,15,90.0,148,73,
1206,1660123008755,,1.75,8500000,25,200.0,148,31,
1207,1660123008832,,0.15,2325000,15,57.0,148,22,
1211,1660123022550,,0.6,5400000,15,90.0,150,73,
1212,1660123022642,,1.75,8500000,25,200.0,150,31,
1213,1660123022740,,0.15,2325000,15,57.0,150,22,
1220,1660123042486,,0.6,5400000,15,90.0,153,73,
1221,1660123042564,,1.75,8500000,25,200.0,153,31,
1222,1660123042642,,0.15,2325000,15,57.0,153,22,
1223,1660123048833,,0.6,5400000,15,90.0,154,73,
1224,1660123048916,,1.75,8500000,25,200.0,154,31,
1225,1660123048999,,0.15,2325000,15,57.0,154,22,
1231,1660186078092,,0.28,2520000,7,42.0,1,73,
1232,1660186078171,,0.7,3400000,10,80.0,1,31,
1237,1660186109012,,0.28,2520000,7,42.0,4,73,
1238,1660186109095,,0.7,3400000,10,80.0,4,31,
1239,1660186116604,,0.28,2520000,7,42.0,5,73,
1240,1660186116688,,0.7,3400000,10,80.0,5,31,
1245,1660186140867,,0.28,2520000,7,42.0,8,73,
1246,1660186140944,,0.7,3400000,10,80.0,8,31,
1247,1660186150270,,0.28,2520000,7,42.0,9,73,
1248,1660186150348,,0.7,3400000,10,80.0,9,31,
1253,1660186172449,,0.28,2520000,7,42.0,12,73,
1254,1660186172525,,0.7,3400000,10,80.0,12,31,
1259,1660186193605,,0.28,2520000,7,42.0,15,73,
1260,1660186193682,,0.7,3400000,10,80.0,15,31,
1261,1660186202316,,0.28,2520000,7,42.0,16,73,
1262,1660186202394,,0.7,3400000,10,80.0,16,31,
1311,1660186413943,,0.28,2520000,7,42.0,41,73,
1312,1660186414021,,0.56,2720000,8,64.0,41,31,
1313,1660186422179,,0.28,2520000,7,42.0,42,73,
1314,1660186422257,,0.56,2720000,8,64.0,42,31,
1315,1660186430215,,0.28,2520000,7,42.0,43,73,
1316,1660186430291,,0.56,2720000,8,64.0,43,31,
1317,1660186437674,,0.28,2520000,7,42.0,44,73,
1318,1660186437751,,0.56,2720000,8,64.0,44,31,
1319,1660186445655,,0.28,2520000,7,42.0,45,73,
1320,1660186445735,,0.56,2720000,8,64.0,45,31,
1321,1660186453247,,0.28,2520000,7,42.0,46,73,
1322,1660186453323,,0.56,2720000,8,64.0,46,31,
1325,1660186467993,,0.28,2520000,7,42.0,48,73,
1326,1660186468071,,0.56,2720000,8,64.0,48,31,
1327,1660186477794,,0.28,2520000,7,42.0,49,73,
1328,1660186477871,,0.56,2720000,8,64.0,49,31,
1333,1660186500247,,0.28,2520000,7,42.0,52,73,
1334,1660186500324,,0.56,2720000,8,64.0,52,31,
1335,1660186508870,,0.28,2520000,7,42.0,53,73,
1336,1660186508948,,0.56,2720000,8,64.0,53,31,
1337,1660186520479,,0.28,2520000,7,42.0,54,73,
1338,1660186520557,,0.56,2720000,8,64.0,54,31,
1343,1660186550853,,0.28,2520000,7,42.0,57,73,
1344,1660186550928,,0.56,2720000,8,64.0,57,31,
1345,1660186560065,,0.28,2520000,7,42.0,58,73,
1346,1660186560142,,0.56,2720000,8,64.0,58,31,
1347,1660186564225,,0.28,2520000,7,42.0,59,73,
1348,1660186564302,,0.56,2720000,8,64.0,59,31,
1351,1660186581900,,0.28,2520000,7,42.0,61,73,
1352,1660186581978,,0.56,2720000,8,64.0,61,31,
1355,1660186600140,,0.28,2520000,7,42.0,63,73,
1356,1660186600218,,0.56,2720000,8,64.0,63,31,
1359,1660186616000,,0.28,2520000,7,42.0,65,73,
1360,1660186616077,,0.56,2720000,8,64.0,65,31,
1361,1660186623921,,0.28,2520000,7,42.0,66,73,
1362,1660186623998,,0.56,2720000,8,64.0,66,31,
1363,1660186634121,,0.28,2520000,7,42.0,67,73,
1364,1660186634200,,0.56,2720000,8,64.0,67,31,
1365,1660186645466,,0.28,2520000,7,42.0,68,73,
1366,1660186645543,,0.56,2720000,8,64.0,68,31,
1369,1660186664817,,0.28,2520000,7,42.0,70,73,
1370,1660186664895,,0.56,2720000,8,64.0,70,31,
1373,1660186682988,,0.28,2520000,7,42.0,72,73,
1374,1660186683066,,0.56,2720000,8,64.0,72,31,
1375,1660186692235,,0.28,2520000,7,42.0,73,73,
1376,1660186692318,,0.56,2720000,8,64.0,73,31,
1377,1660186700179,,0.28,2520000,7,42.0,74,73,
1378,1660186700255,,0.56,2720000,8,64.0,74,31,
1379,1660186707709,,0.28,2520000,7,42.0,75,73,
1380,1660186707786,,0.56,2720000,8,64.0,75,31,
1383,1660186720340,,0.28,2520000,7,42.0,77,73,
1384,1660186720418,,0.56,2720000,8,64.0,77,31,
1385,1660186729337,,0.28,2520000,7,42.0,78,73,
1386,1660186729420,,0.56,2720000,8,64.0,78,31,
1387,1660186740580,,0.28,2520000,7,42.0,79,73,
1388,1660186740661,,0.56,2720000,8,64.0,79,31,
1399,1660186779982,,0.28,2520000,7,42.0,85,73,
1400,1660186780073,,0.56,2720000,8,64.0,85,31,
1401,1660186795351,,0.28,2520000,7,42.0,86,73,
1402,1660186795430,,0.56,2720000,8,64.0,86,31,
1403,1660186806507,,0.28,2520000,7,42.0,87,73,
1404,1660186806586,,0.56,2720000,8,64.0,87,31,
1405,1660186818002,,0.28,2520000,7,42.0,88,73,
1406,1660186818080,,0.56,2720000,8,64.0,88,31,
1407,1660186834442,,0.28,2520000,7,42.0,89,73,
1408,1660186834519,,0.56,2720000,8,64.0,89,31,
1409,1660186843445,,0.28,2520000,7,42.0,90,73,
1410,1660186843563,,0.56,2720000,8,64.0,90,31,
1411,1660186856571,,0.28,2520000,7,42.0,91,73,
1412,1660186856648,,0.56,2720000,8,64.0,91,31,
1413,1660186892257,,0.28,2520000,7,42.0,92,73,
1414,1660186892334,,0.56,2720000,8,64.0,92,31,
1415,1660186901872,,0.28,2520000,7,42.0,93,73,
1416,1660186901949,,0.56,2720000,8,64.0,93,31,
1425,1660186951683,,0.28,2520000,7,42.0,98,73,
1426,1660186951784,,0.56,2720000,8,64.0,98,31,
1427,1660186965128,,0.28,2520000,7,42.0,99,73,
1428,1660186965220,,0.56,2720000,8,64.0,99,31,
1429,1660186969116,,0.28,2520000,7,42.0,100,73,
1430,1660186969192,,0.56,2720000,8,64.0,100,31,
1431,1660186972731,,0.28,2520000,7,42.0,101,73,
1432,1660186972808,,0.56,2720000,8,64.0,101,31,
1439,1660186987321,,0.28,2520000,7,42.0,105,73,
1440,1660186987398,,0.56,2720000,8,64.0,105,31,
1441,1660186991309,,0.28,2520000,7,42.0,106,73,
1442,1660186991386,,0.56,2720000,8,64.0,106,31,
1443,1660186996068,,0.28,2520000,7,42.0,107,73,
1444,1660186996144,,0.56,2720000,8,64.0,107,31,
1449,1660187009600,,0.28,2520000,7,42.0,110,73,
1450,1660187009675,,0.56,2720000,8,64.0,110,31,
1453,1660187020678,,0.28,2520000,7,42.0,112,73,
1454,1660187020809,,0.56,2720000,8,64.0,112,31,
1459,1660187031868,,0.28,2520000,7,42.0,115,73,
1460,1660187031948,,0.56,2720000,8,64.0,115,31,
1463,1660187041260,,0.28,2520000,7,42.0,117,73,
1464,1660187041337,,0.56,2720000,8,64.0,117,31,
1467,1660187051347,,0.28,2520000,7,42.0,119,73,
1468,1660187051424,,0.56,2720000,8,64.0,119,31,
1469,1660187062648,,0.28,2520000,7,42.0,120,73,
1470,1660187062726,,0.56,2720000,8,64.0,120,31,
1471,1660215835374,,0.48,4320000,12,72.0,121,73,
1472,1660215835516,,0.49,2380000,7,56.0,121,31,
1477,1660215932665,,0.48,4320000,12,72.0,124,73,
1478,1660215932749,,0.49,2380000,7,56.0,124,31,
1481,1660215946773,,0.48,4320000,12,72.0,126,73,
1482,1660215946861,,0.49,2380000,7,56.0,126,31,
1489,1660215979180,,0.48,4320000,12,72.0,130,73,
1490,1660215979281,,0.49,2380000,7,56.0,130,31,
1491,1660215987651,,0.48,4320000,12,72.0,131,73,
1492,1660215987741,,0.49,2380000,7,56.0,131,31,
1495,1660216002398,,0.48,4320000,12,72.0,133,73,
1496,1660216002477,,0.49,2380000,7,56.0,133,31,
1497,1660216006534,,0.48,4320000,12,72.0,134,73,
1498,1660216006613,,0.49,2380000,7,56.0,134,31,
1499,1660216011229,,0.48,4320000,12,72.0,135,73,
1500,1660216011311,,0.49,2380000,7,56.0,135,31,
1503,1660216024290,,0.48,4320000,12,72.0,137,73,
1504,1660216024367,,0.49,2380000,7,56.0,137,31,
1505,1660216028375,,0.48,4320000,12,72.0,138,73,
1506,1660216028457,,0.49,2380000,7,56.0,138,31,
1509,1660216041035,,0.48,4320000,12,72.0,140,73,
1510,1660216041118,,0.49,2380000,7,56.0,140,31,
1511,1660216045823,,0.48,4320000,12,72.0,141,73,
1512,1660216045899,,0.49,2380000,7,56.0,141,31,
1513,1660216053833,,0.48,4320000,12,72.0,142,73,
1514,1660216053912,,0.49,2380000,7,56.0,142,31,
1515,1660216060992,,0.48,4320000,12,72.0,143,73,
1516,1660216061106,,0.49,2380000,7,56.0,143,31,
1517,1660216067541,,0.48,4320000,12,72.0,144,73,
1518,1660216067617,,0.49,2380000,7,56.0,144,31,
1519,1660216074206,,0.48,4320000,12,72.0,145,73,
1520,1660216074283,,0.49,2380000,7,56.0,145,31,
1521,1660216084765,,0.48,4320000,12,72.0,146,73,
1522,1660216084842,,0.49,2380000,7,56.0,146,31,
1525,1660216098251,,0.48,4320000,12,72.0,148,73,
1526,1660216098347,,0.49,2380000,7,56.0,148,31,
1529,1660216106492,,0.48,4320000,12,72.0,150,73,
1530,1660216106591,,0.49,2380000,7,56.0,150,31,
1535,1660216126421,,0.48,4320000,12,72.0,153,73,
1536,1660216126498,,0.49,2380000,7,56.0,153,31,
1537,1660216130014,,0.48,4320000,12,72.0,154,73,
1538,1660216130096,,0.49,2380000,7,56.0,154,31,
1547,1660216200498,,0.4,3600000,10,60.0,159,73,
1548,1660216200575,,0.35,1700000,5,40.0,159,31,
1549,1660216207273,,0.4,3600000,10,60.0,160,73,
1550,1660216207351,,0.35,1700000,5,40.0,160,31,
1551,1660216216264,,0.4,3600000,10,60.0,161,73,
1552,1660216216341,,0.35,1700000,5,40.0,161,31,
1553,1660216221396,,0.4,3600000,10,60.0,162,73,
1554,1660216221472,,0.35,1700000,5,40.0,162,31,
1555,1660216224854,,0.4,3600000,10,60.0,163,73,
1556,1660216224946,,0.35,1700000,5,40.0,163,31,
1557,1660216228318,,0.4,3600000,10,60.0,164,73,
1558,1660216228395,,0.35,1700000,5,40.0,164,31,
1559,1660216235777,,0.4,3600000,10,60.0,165,73,
1560,1660216235857,,0.35,1700000,5,40.0,165,31,
1561,1660216243605,,0.4,3600000,10,60.0,166,73,
1562,1660216243735,,0.35,1700000,5,40.0,166,31,
1563,1660216255314,,0.4,3600000,10,60.0,167,73,
1564,1660216255398,,0.35,1700000,5,40.0,167,31,
1567,1660216266565,,0.4,3600000,10,60.0,169,73,
1568,1660216266641,,0.35,1700000,5,40.0,169,31,
1577,1660216299835,,0.4,3600000,10,60.0,174,73,
1578,1660216299912,,0.35,1700000,5,40.0,174,31,
1581,1660216313097,,0.4,3600000,10,60.0,176,73,
1582,1660216313175,,0.35,1700000,5,40.0,176,31,
1583,1660216317359,,0.4,3600000,10,60.0,177,73,
1584,1660216317443,,0.35,1700000,5,40.0,177,31,
1585,1660216323981,,0.4,3600000,10,60.0,178,73,
1586,1660216324059,,0.35,1700000,5,40.0,178,31,
1587,1660216330956,,0.4,3600000,10,60.0,179,73,
1588,1660216331038,,0.35,1700000,5,40.0,179,31,
1593,1660216350798,,0.4,3600000,10,60.0,182,73,
1594,1660216350875,,0.35,1700000,5,40.0,182,31,
1595,1660216356900,,0.4,3600000,10,60.0,183,73,
1596,1660216356981,,0.35,1700000,5,40.0,183,31,
1597,1660216363390,,0.4,3600000,10,60.0,184,73,
1598,1660216363470,,0.35,1700000,5,40.0,184,31,
1599,1660216371921,,0.4,3600000,10,60.0,185,73,
1600,1660216371998,,0.35,1700000,5,40.0,185,31,
1601,1660216375602,,0.4,3600000,10,60.0,186,73,
1602,1660216375778,,0.35,1700000,5,40.0,186,31,
1611,1660216417244,,0.4,3600000,10,60.0,191,73,
1612,1660216417321,,0.35,1700000,5,40.0,191,31,
1613,1660216422308,,0.4,3600000,10,60.0,192,73,
1614,1660216422390,,0.35,1700000,5,40.0,192,31,
1617,1660216428672,,0.4,3600000,10,60.0,194,73,
1618,1660216428749,,0.35,1700000,5,40.0,194,31,
1623,1660216449577,,0.4,3600000,10,60.0,197,73,
1624,1660216449654,,0.35,1700000,5,40.0,197,31,
1627,1660216456027,,0.4,3600000,10,60.0,199,73,
1628,1660216456106,,0.35,1700000,5,40.0,199,31,
1629,1660216459459,,0.4,3600000,10,60.0,200,73,
1630,1660216459545,,0.35,1700000,5,40.0,200,31,
1633,1660216468773,,0.4,3600000,10,60.0,202,73,
1634,1660216468859,,0.35,1700000,5,40.0,202,31,
1635,1660216473482,,0.4,3600000,10,60.0,203,73,
1636,1660216473558,,0.35,1700000,5,40.0,203,31,
1637,1660216477854,,0.4,3600000,10,60.0,204,73,
1638,1660216477930,,0.35,1700000,5,40.0,204,31,
1639,1660216485432,,0.4,3600000,10,60.0,205,73,
1640,1660216485512,,0.35,1700000,5,40.0,205,31,
1643,1660216500096,,0.4,3600000,10,60.0,207,73,
1644,1660216500175,,0.35,1700000,5,40.0,207,31,
1647,1660216512812,,0.4,3600000,10,60.0,209,73,
1648,1660216512890,,0.35,1700000,5,40.0,209,31,
1698,1660216812446,,0.48,4320000,12,72.0,227,73,
1699,1660216812525,,0.12,1860000,12,45.6,227,22,
1700,1660216812603,,0.2,422500,5,6.5,227,27,
1701,1660216820562,,0.48,4320000,12,72.0,228,73,
1702,1660216820698,,0.12,1860000,12,45.6,228,22,
1703,1660216820803,,0.2,422500,5,6.5,228,27,
1704,1660216879542,,0.48,4320000,12,72.0,229,73,
1705,1660216879766,,0.12,1860000,12,45.6,229,22,
1706,1660216879868,,0.2,422500,5,6.5,229,27,
1707,1660216896423,,0.48,4320000,12,72.0,230,73,
1708,1660216896501,,0.12,1860000,12,45.6,230,22,
1709,1660216896580,,0.2,422500,5,6.5,230,27,
1710,1660216905435,,0.48,4320000,12,72.0,231,73,
1711,1660216905526,,0.12,1860000,12,45.6,231,22,
1712,1660216905603,,0.2,422500,5,6.5,231,27,
1719,1660216929200,,0.48,4320000,12,72.0,234,73,
1720,1660216929279,,0.12,1860000,12,45.6,234,22,
1721,1660216929368,,0.2,422500,5,6.5,234,27,
1722,1660216938830,,0.48,4320000,12,72.0,235,73,
1723,1660216938907,,0.12,1860000,12,45.6,235,22,
1724,1660216939049,,0.2,422500,5,6.5,235,27,
1734,1660216966511,,0.48,4320000,12,72.0,239,73,
1735,1660216966590,,0.12,1860000,12,45.6,239,22,
1736,1660216966671,,0.2,422500,5,6.5,239,27,
1737,1660216973189,,0.48,4320000,12,72.0,240,73,
1738,1660216973266,,0.12,1860000,12,45.6,240,22,
1739,1660216973342,,0.2,422500,5,6.5,240,27,
1742,1660217001719,,0.12,1860000,12,45.6,242,22,
1743,1660217001860,,0.2,422500,5,6.5,242,27,
1834,1660217296372,,0.12,1860000,12,45.6,288,22,
1835,1660217296454,,0.2,422500,5,6.5,288,27,
1846,1660217415461,,0.12,1860000,12,45.6,294,22,
1847,1660217415539,,0.2,422500,5,6.5,294,27,
1848,1660217419167,,0.12,1860000,12,45.6,295,22,
1849,1660217419244,,0.2,422500,5,6.5,295,27,
1854,1660217430303,,0.12,1860000,12,45.6,298,22,
1855,1660217430381,,0.2,422500,5,6.5,298,27,
1856,1660217433286,,0.12,1860000,12,45.6,299,22,
1857,1660217433368,,0.2,422500,5,6.5,299,27,
1858,1660217440401,,0.12,1860000,12,45.6,300,22,
1859,1660217440478,,0.2,422500,5,6.5,300,27,
1860,1660217446281,,0.12,1860000,12,45.6,301,22,
1861,1660217446379,,0.2,422500,5,6.5,301,27,
1862,1660217449639,,0.12,1860000,12,45.6,302,22,
1863,1660217449735,,0.2,422500,5,6.5,302,27,
1864,1660217452416,,0.12,1860000,12,45.6,303,22,
1865,1660217452497,,0.2,422500,5,6.5,303,27,
1868,1660217464724,,0.12,1860000,12,45.6,305,22,
1869,1660217464804,,0.2,422500,5,6.5,305,27,
1870,1660217482529,,0.12,1860000,12,45.6,306,22,
1871,1660217482608,,0.2,422500,5,6.5,306,27,
1872,1660217490413,,0.12,1860000,12,45.6,307,22,
1873,1660217490493,,0.2,422500,5,6.5,307,27,
1878,1660217511365,,0.12,1860000,12,45.6,310,22,
1879,1660217511442,,0.2,422500,5,6.5,310,27,
1880,1660217518642,,0.12,1860000,12,45.6,311,22,
1881,1660217518724,,0.2,422500,5,6.5,311,27,
1888,1660217564831,,0.12,1860000,12,45.6,315,22,
1889,1660217564909,,0.2,422500,5,6.5,315,27,
1890,1660217572175,,0.12,1860000,12,45.6,316,22,
1891,1660217572252,,0.2,422500,5,6.5,316,27,
1892,1660217582081,,0.12,1860000,12,45.6,317,22,
1893,1660217582162,,0.2,422500,5,6.5,317,27,
1894,1660217589262,,0.12,1860000,12,45.6,318,22,
1895,1660217589341,,0.2,422500,5,6.5,318,27,
1896,1660217596162,,0.12,1860000,12,45.6,319,22,
1897,1660217596240,,0.2,422500,5,6.5,319,27,
1902,1660445000453,,0.4,3600000,10,60.0,322,73,
1903,1660445000555,,0.1,1550000,10,38.0,322,22,
1912,1660445031920,,0.4,3600000,10,60.0,327,73,
1913,1660445031996,,0.1,1550000,10,38.0,327,22,
1914,1660445039629,,0.4,3600000,10,60.0,328,73,
1915,1660445039709,,0.1,1550000,10,38.0,328,22,
1916,1660445047118,,0.4,3600000,10,60.0,329,73,
1917,1660445047201,,0.1,1550000,10,38.0,329,22,
1918,1660445050755,,0.4,3600000,10,60.0,330,73,
1919,1660445050836,,0.1,1550000,10,38.0,330,22,
1922,1660445066058,,0.4,3600000,10,60.0,332,73,
1923,1660445066138,,0.1,1550000,10,38.0,332,22,
1924,1660445073597,,0.4,3600000,10,60.0,333,73,
1925,1660445073689,,0.1,1550000,10,38.0,333,22,
1928,1660445084698,,0.4,3600000,10,60.0,335,73,
1929,1660445084787,,0.1,1550000,10,38.0,335,22,
1940,1660445110897,,0.4,3600000,10,60.0,341,73,
1941,1660445110974,,0.1,1550000,10,38.0,341,22,
1944,1660445119828,,0.4,3600000,10,60.0,343,73,
1945,1660445119905,,0.1,1550000,10,38.0,343,22,
1946,1660445127889,,0.4,3600000,10,60.0,344,73,
1947,1660445127966,,0.1,1550000,10,38.0,344,22,
1948,1660445131776,,0.4,3600000,10,60.0,345,73,
1949,1660445131854,,0.1,1550000,10,38.0,345,22,
1954,1660445197027,,0.4,3600000,10,60.0,348,73,
1955,1660445197113,,0.1,1550000,10,38.0,348,22,
1960,1660445209330,,0.4,3600000,10,60.0,351,73,
1961,1660445209433,,0.1,1550000,10,38.0,351,22,
1964,1660445228335,,0.4,3600000,10,60.0,353,73,
1965,1660445228410,,0.1,1550000,10,38.0,353,22,
1966,1660445231966,,0.4,3600000,10,60.0,354,73,
1967,1660445232043,,0.1,1550000,10,38.0,354,22,
1974,1660445254736,,0.4,3600000,10,60.0,358,73,
1975,1660445254815,,0.1,1550000,10,38.0,358,22,
1978,1660445265749,,0.4,3600000,10,60.0,360,73,
1979,1660445265828,,0.1,1550000,10,38.0,360,22,
1980,1660445272533,,0.4,3600000,10,60.0,361,73,
1981,1660445272609,,0.1,1550000,10,38.0,361,22,
1982,1660445279584,,0.4,3600000,10,60.0,362,73,
1983,1660445279670,,0.1,1550000,10,38.0,362,22,
1984,1660445283382,,0.4,3600000,10,60.0,363,73,
1985,1660445283457,,0.1,1550000,10,38.0,363,22,
1986,1660445290359,,0.4,3600000,10,60.0,364,73,
1987,1660445290435,,0.1,1550000,10,38.0,364,22,
1988,1660445297712,,0.4,3600000,10,60.0,365,73,
1989,1660445297788,,0.1,1550000,10,38.0,365,22,
1994,1660445307529,,0.4,3600000,10,60.0,368,73,
1995,1660445307605,,0.1,1550000,10,38.0,368,22,
1996,1660445310750,,0.4,3600000,10,60.0,369,73,
1997,1660445310826,,0.1,1550000,10,38.0,369,22,
1998,1660445317313,,0.4,3600000,10,60.0,370,73,
1999,1660445317405,,0.1,1550000,10,38.0,370,22,
2004,1660445389474,,0.4,3600000,10,60.0,373,73,
2005,1660445389550,,0.1,1550000,10,38.0,373,22,
2010,1660445408026,,0.4,3600000,10,60.0,376,73,
2011,1660445408112,,0.1,1550000,10,38.0,376,22,
2012,1660445412051,,0.4,3600000,10,60.0,377,73,
2013,1660445412127,,0.1,1550000,10,38.0,377,22,
2014,1660445415579,,0.4,3600000,10,60.0,378,73,
2015,1660445415655,,0.1,1550000,10,38.0,378,22,
2020,1660445426627,,0.4,3600000,10,60.0,381,73,
2021,1660445426702,,0.1,1550000,10,38.0,381,22,
2022,1660445431333,,0.4,3600000,10,60.0,382,73,
2023,1660445431409,,0.1,1550000,10,38.0,382,22,
2082,1660446475305,,0.12,253500,3,3.9,412,27,
2083,1660446475391,,0.28,1360000,4,32.0,412,31,
2084,1660446479113,,0.12,253500,3,3.9,413,27,
2085,1660446479194,,0.28,1360000,4,32.0,413,31,
2086,1660446486907,,0.12,253500,3,3.9,414,27,
2087,1660446486985,,0.28,1360000,4,32.0,414,31,
2088,1660446493505,,0.12,253500,3,3.9,415,27,
2089,1660446493588,,0.28,1360000,4,32.0,415,31,
2090,1660446497051,,0.12,253500,3,3.9,416,27,
2091,1660446497126,,0.28,1360000,4,32.0,416,31,
2092,1660446501568,,0.12,253500,3,3.9,417,27,
2093,1660446501645,,0.28,1360000,4,32.0,417,31,
2094,1660446505449,,0.12,253500,3,3.9,418,27,
2095,1660446505538,,0.28,1360000,4,32.0,418,31,
2096,1660446510846,,0.12,253500,3,3.9,419,27,
2097,1660446510922,,0.28,1360000,4,32.0,419,31,
2098,1660446514157,,0.12,253500,3,3.9,420,27,
2099,1660446514232,,0.28,1360000,4,32.0,420,31,
2100,1660446522816,,0.12,253500,3,3.9,421,27,
2101,1660446522903,,0.28,1360000,4,32.0,421,31,
2104,1660446531251,,0.12,253500,3,3.9,423,27,
2105,1660446531327,,0.28,1360000,4,32.0,423,31,
2106,1660446534858,,0.12,253500,3,3.9,424,27,
2107,1660446534935,,0.28,1360000,4,32.0,424,31,
2108,1660446539887,,0.12,253500,3,3.9,425,27,
2109,1660446539967,,0.28,1360000,4,32.0,425,31,
2112,1660446551225,,0.12,253500,3,3.9,427,27,
2113,1660446551300,,0.28,1360000,4,32.0,427,31,
2116,1660446562641,,0.12,253500,3,3.9,429,27,
2117,1660446562716,,0.28,1360000,4,32.0,429,31,
2126,1660446592891,,0.12,253500,3,3.9,434,27,
2127,1660446592977,,0.28,1360000,4,32.0,434,31,
2130,1660446607058,,0.12,253500,3,3.9,436,27,
2131,1660446607134,,0.28,1360000,4,32.0,436,31,
2132,1660446616773,,0.12,253500,3,3.9,437,27,
2133,1660446616850,,0.28,1360000,4,32.0,437,31,
2138,1660446628439,,0.12,253500,3,3.9,440,27,
2139,1660446628534,,0.28,1360000,4,32.0,440,31,
2140,1660446636399,,0.12,253500,3,3.9,441,27,
2141,1660446636475,,0.28,1360000,4,32.0,441,31,
2146,1660446657479,,0.12,253500,3,3.9,444,27,
2147,1660446657556,,0.28,1360000,4,32.0,444,31,
2148,1660446707951,,0.12,253500,3,3.9,445,27,
2149,1660446708027,,0.28,1360000,4,32.0,445,31,
2152,1660446716231,,0.12,253500,3,3.9,447,27,
2153,1660446716332,,0.28,1360000,4,32.0,447,31,
2154,1660446720027,,0.12,253500,3,3.9,448,27,
2155,1660446720102,,0.28,1360000,4,32.0,448,31,
2158,1660446727263,,0.12,253500,3,3.9,450,27,
2159,1660446727345,,0.28,1360000,4,32.0,450,31,
2162,1660446740657,,0.12,253500,3,3.9,452,27,
2163,1660446740733,,0.28,1360000,4,32.0,452,31,
2164,1660446747133,,0.12,253500,3,3.9,453,27,
2165,1660446747209,,0.28,1360000,4,32.0,453,31,
2176,1660446787127,,0.12,253500,3,3.9,459,27,
2177,1660446787223,,0.28,1360000,4,32.0,459,31,
